Fund Name,P1,P2,P3,P4,P5,Topsis Score,Rank
M1,0.61,0.37,6.5,37.0,11.12,0.2706034267933479,7
M2,0.76,0.58,6.3,36.7,11.09,0.37911322530248864,5
M3,0.8,0.64,4.2,54.1,14.94,0.5466158294999114,4
M4,0.67,0.45,6.3,35.3,10.68,0.274109526877606,6
M5,0.83,0.69,4.8,63.1,17.36,0.69233100085364,2
M6,0.87,0.76,4.7,52.8,14.78,0.6531043510220496,3
M7,0.95,0.9,5.7,56.3,15.96,0.8434228693010212,1
M8,0.63,0.4,6.0,31.0,9.51,0.20299174273230297,8
